{"attributes": {"name": "Mesh", "strips": {}, "polyedges": {"0": [53, 46, 39, 32, 71, 72, 73], "1": [0, 4, 8, 12, 16, 20, 24], "2": [26, 22, 18, 14, 10, 6, 2, 42, 43, 44, 45, 46, 47, 48], "3": [61, 60, 59, 28, 35, 42, 49], "4": [79, 76, 73, 70, 67, 64, 61, 58, 98, 99, 100, 101, 102, 103], "5": [19, 18, 17, 16, 128, 134, 140], "6": [138, 132, 126, 8, 9, 10, 11], "7": [25, 21, 17, 13, 9, 5, 1, 35, 36, 37, 38, 39, 40, 41], "8": [70, 69, 68, 31, 38, 45, 52], "9": [97, 96, 95, 94, 93, 92, 57, 60, 63, 66, 69, 72, 75, 78], "10": [123, 120, 117, 114, 111, 108, 105, 131, 132, 133, 134, 135, 136], "11": [124, 123, 122, 85, 91, 97, 103], "12": [27, 23, 19, 15, 11, 7, 3, 49, 50, 51, 52, 53, 54, 55], "13": [124, 121, 118, 115, 112, 109, 106, 137, 138, 139, 140, 141, 142], "14": [112, 111, 110, 81, 87, 93, 99], "15": [27, 26, 25, 24, 130, 136, 142], "16": [139, 133, 127, 12, 13, 14, 15], "17": [100, 94, 88, 82, 113, 114, 115], "18": [54, 47, 40, 33, 74, 75, 76], "19": [122, 119, 116, 113, 110, 107, 104, 125, 126, 127, 128, 129, 130], "20": [85, 84, 83, 82, 81, 80, 0], "21": [98, 92, 86, 80, 107, 108, 109], "22": [64, 63, 62, 29, 36, 43, 50], "23": [91, 90, 89, 88, 87, 86, 56, 59, 62, 65, 68, 71, 74, 77], "24": [118, 117, 116, 83, 89, 95, 101], "25": [7, 6, 5, 4, 125, 131, 137], "26": [67, 66, 65, 30, 37, 44, 51], "27": [141, 135, 129, 20, 21, 22, 23], "28": [55, 48, 41, 34, 77, 78, 79], "29": [0, 104, 105, 106], "30": [121, 120, 119, 84, 90, 96, 102], "31": [0, 56, 57, 58], "32": [0, 28, 29, 30, 31, 32, 33, 34], "33": [0, 1, 2, 3]}}, "dva": {"x": 0.0, "y": 0.0, "z": 0.0}, "dea": {}, "dfa": {}, "vertex": {"0": {"x": 0.2962792192383188, "y": -0.2962994058535502, "z": -0.0}, "1": {"x": 0.370988943338644, "y": 0.07101381920412476, "z": -0.0}, "2": {"x": 0.4084596848587792, "y": 0.2544824803813206, "z": -0.0}, "3": {"x": 0.445652663807646, "y": 0.4381325211478155, "z": -0.0}, "4": {"x": 0.782679082562166, "y": -0.2155673483964166, "z": -0.0}, "5": {"x": 0.7785773752411865, "y": -0.004888867174769052, "z": -0.0}, "6": {"x": 0.7814097062663415, "y": 0.19702092663247026, "z": -0.0}, "7": {"x": 0.7987983841044886, "y": 0.39666979498480764, "z": -0.0}, "8": {"x": 1.2102548328396958, "y": -0.14471220271398652, "z": -0.0}, "9": {"x": 1.1939050685451256, "y": 0.0390973981725261, "z": -0.0}, "10": {"x": 1.1799074520432051, "y": 0.22565091834295295, "z": -0.0}, "11": {"x": 1.1850428237078257, "y": 0.41488856500608084, "z": -0.0}, "12": {"x": 1.6113272453186527, "y": -0.07849911580805342, "z": -0.0}, "13": {"x": 1.598620051351705, "y": 0.10210619392597389, "z": -0.0}, "14": {"x": 1.5902086746439585, "y": 0.2842352252599032, "z": -0.0}, "15": {"x": 1.5882090165705165, "y": 0.4615108527397746, "z": -0.0}, "16": {"x": 2.0001414818075824, "y": -0.014217943317036616, "z": -0.0}, "17": {"x": 1.9966093880163223, "y": 0.16397966478560594, "z": -0.0}, "18": {"x": 1.9975059202881416, "y": 0.34293873557063964, "z": -0.0}, "19": {"x": 1.9846343679373402, "y": 0.5191779449513036, "z": -0.0}, "20": {"x": 2.378022648126441, "y": 0.04800861244678815, "z": -0.0}, "21": {"x": 2.3890909598139536, "y": 0.2254938257742002, "z": -0.0}, "22": {"x": 2.3923759083294946, "y": 0.40449804352285074, "z": -0.0}, "23": {"x": 2.3554541280516617, "y": 0.5842425587262683, "z": -0.0}, "24": {"x": 2.723515872873231, "y": 0.10504436627046099, "z": 0.0}, "25": {"x": 2.775966722258982, "y": 0.29573401165843244, "z": 0.0}, "26": {"x": 2.7782280225949005, "y": 0.4940719881512464, "z": 0.0}, "27": {"x": 2.715196762068802, "y": 0.6814234578103543, "z": 0.0}, "28": {"x": -0.08226854573358211, "y": 0.08228325750647425, "z": -0.0}, "29": {"x": -0.42435297589829574, "y": 0.42434367363351405, "z": -0.0}, "30": {"x": -0.7410030188054727, "y": 0.7409094342169579, "z": -0.0}, "31": {"x": -1.0431435309279278, "y": 1.043162131639787, "z": -0.0}, "32": {"x": -1.3393202961267625, "y": 1.3392916653496234, "z": -0.0}, "33": {"x": -1.634904440659904, "y": 1.634904878551559, "z": -0.0}, "34": {"x": -1.9312128208208783, "y": 1.9310025203618175, "z": 0.0}, "35": {"x": -0.003642921568174898, "y": 0.2748486617142108, "z": -0.0}, "36": {"x": -0.3228901471581933, "y": 0.5701342780851305, "z": -0.0}, "37": {"x": -0.6207825074277576, "y": 0.8722940922790886, "z": -0.0}, "38": {"x": -0.9151011339252129, "y": 1.168674257476864, "z": -0.0}, "39": {"x": -1.206764896843884, "y": 1.461024532897498, "z": -0.0}, "40": {"x": -1.499322733855496, "y": 1.754029612603782, "z": -0.0}, "41": {"x": -1.769142986797301, "y": 2.0586864609987012, "z": 0.0}, "42": {"x": 0.07451115862716026, "y": 0.46061641560068767, "z": -0.0}, "43": {"x": -0.21786945687746137, "y": 0.7214484659999801, "z": -0.0}, "44": {"x": -0.502371323112634, "y": 1.0047896716456304, "z": -0.0}, "45": {"x": -0.7883723048455976, "y": 1.2921007496305306, "z": -0.0}, "46": {"x": -1.0717578471692273, "y": 1.5828192508753802, "z": -0.0}, "47": {"x": -1.3541797611265955, "y": 1.8731369063388648, "z": -0.0}, "48": {"x": -1.6085351168477608, "y": 2.181429233800999, "z": 0.0}, "49": {"x": 0.1442986632388351, "y": 0.6459311826598367, "z": -0.0}, "50": {"x": -0.12580119763543698, "y": 0.8877396514559581, "z": -0.0}, "51": {"x": -0.39574154206730605, "y": 1.1437618042998265, "z": -0.0}, "52": {"x": -0.6685947210550124, "y": 1.4163243969729877, "z": -0.0}, "53": {"x": -0.9371751098299997, "y": 1.6987496653665315, "z": -0.0}, "54": {"x": -1.1941333381213741, "y": 1.9836525426363603, "z": -0.0}, "55": {"x": -1.433697708640266, "y": 2.271727482080187, "z": 0.0}, "56": {"x": -0.07101339131599932, "y": -0.3709969074401173, "z": -0.0}, "57": {"x": -0.25449634408164584, "y": -0.4084310463097115, "z": -0.0}, "58": {"x": -0.43816202309143115, "y": -0.4455632909706268, "z": -0.0}, "59": {"x": -0.27472789271135195, "y": 0.0036755568195559756, "z": -0.0}, "60": {"x": -0.46065455923709386, "y": -0.074423597135514, "z": -0.0}, "61": {"x": -0.6460466881845307, "y": -0.1442340430028849, "z": -0.0}, "62": {"x": -0.5698681532436491, "y": 0.3230961511067538, "z": -0.0}, "63": {"x": -0.7215177011259872, "y": 0.2178805351213347, "z": -0.0}, "64": {"x": -0.8877751417965645, "y": 0.12580572644256469, "z": -0.0}, "65": {"x": -0.8720135785625436, "y": 0.6209004305962723, "z": -0.0}, "66": {"x": -1.004849492799949, "y": 0.5025714014651645, "z": -0.0}, "67": {"x": -1.1438134774331306, "y": 0.395861693611601, "z": -0.0}, "68": {"x": -1.1682426736996203, "y": 0.9154365476174359, "z": -0.0}, "69": {"x": -1.2922413352121398, "y": 0.788283285516775, "z": -0.0}, "70": {"x": -1.41634885401073, "y": 0.6687847214742724, "z": -0.0}, "71": {"x": -1.4608744197428138, "y": 1.2067940217504094, "z": -0.0}, "72": {"x": -1.5826554023943484, "y": 1.0719677165184924, "z": -0.0}, "73": {"x": -1.6986886797209146, "y": 0.937403822289843, "z": -0.0}, "74": {"x": -1.7539685396853586, "y": 1.4993136582275595, "z": -0.0}, "75": {"x": -1.8728446667210785, "y": 1.354381781397831, "z": -0.0}, "76": {"x": -1.9835443022292276, "y": 1.1944325066983346, "z": -0.0}, "77": {"x": -2.058335214934687, "y": 1.7692302436173053, "z": 0.0}, "78": {"x": -2.1813705785880337, "y": 1.6085694927751577, "z": 0.0}, "79": {"x": -2.271436930533193, "y": 1.4341413024033374, "z": 0.0}, "80": {"x": 0.21556380341709394, "y": -0.7826840009853213, "z": -0.0}, "81": {"x": 0.1447045490509257, "y": -1.2101896325628663, "z": -0.0}, "82": {"x": 0.07851807024371128, "y": -1.611262359339639, "z": -0.0}, "83": {"x": 0.014213141962720251, "y": -2.0002055286522533, "z": -0.0}, "84": {"x": -0.04810270245624446, "y": -2.3781694331499112, "z": -0.0}, "85": {"x": -0.10522479377148747, "y": -2.7236949863602455, "z": 0.0}, "86": {"x": 0.004821145442902785, "y": -0.7785653992309075, "z": -0.0}, "87": {"x": -0.03904187511724164, "y": -1.1937518766829076, "z": -0.0}, "88": {"x": -0.10210434535252218, "y": -1.5984482424086064, "z": -0.0}, "89": {"x": -0.16401053405145674, "y": -1.9963688764958436, "z": -0.0}, "90": {"x": -0.2254910529370125, "y": -2.388959851946124, "z": -0.0},